model,dataset,acc_train_mean,acc_test_mean,time_train_mean,time_test_mean
rocket-cnn,Plane,0.8514285714285714,0.8628571428571428,60.47559188920131,1.3569517491996521
